,count,mean,std,min,25%,50%,75%,max
KORKUT_2015A,10000.0,0.5022328279409775,0.013345651977497038,0.45715446053878434,0.4930282929470692,0.5022336537159875,0.5113036415324218,0.5542168674698795
