,count,mean,std,min,25%,50%,75%,max
MOLINELLI_2013,10000.0,0.5411864527629234,0.044087565011318,0.34759358288770054,0.5115864527629234,0.5418894830659536,0.5721925133689839,0.679144385026738
