,count,mean,std,min,25%,50%,75%,max
NELANDER_2008,10000.0,0.4975005291005291,0.06138453186441473,0.2857142857142857,0.455026455026455,0.4973544973544973,0.5396825396825397,0.7195767195767195
