,count,mean,std,min,25%,50%,75%,max
KORKUT_2015A,10000.0,0.6335266143224584,0.02209323634285638,0.5348585352646541,0.6194327873290916,0.634357655340463,0.6487071883037769,0.7063760660620008
