,count,mean,std,min,25%,50%,75%,max
KORKUT_2015A,10000.0,0.614959672397455,0.024900124726521502,0.507242452957899,0.5984838229321782,0.6154054419926899,0.6320563151482333,0.7101665087315554
