,count,mean,std,min,25%,50%,75%,max
KORKUT_2015A,10000.0,0.6440668877758224,0.020391111487543974,0.5351292811696223,0.6307025856233924,0.64451062677677,0.6581832949776635,0.716799783403276
