,count,mean,std,min,25%,50%,75%,max
KORKUT_2015A,10000.0,0.494702775145526,0.08538336880341657,0.0001353729524840937,0.49018546094490323,0.5012860430485989,0.5164478137268174,0.7261405171246785
