,count,mean,std,min,25%,50%,75%,max
MOLINELLI_2013,10000.0,0.6372069518716578,0.033335366007731244,0.48484848484848486,0.6149732620320856,0.6399286987522281,0.661319073083779,0.7219251336898396
