,count,mean,std,min,25%,50%,75%,max
NELANDER_2008,10000.0,0.725532275132275,0.03205707216080228,0.6084656084656085,0.7037037037037037,0.7248677248677249,0.746031746031746,0.8201058201058201
