,count,mean,std,min,25%,50%,75%,max
NELANDER_2008,10000.0,0.7727777777777778,0.027148481621106765,0.6402116402116402,0.7566137566137566,0.7777777777777778,0.7936507936507936,0.8306878306878307
