,count,mean,std,min,25%,50%,75%,max
NELANDER_2008,10000.0,0.22284550264550262,0.07666550156527642,0.021164021164021163,0.19047619047619047,0.2698412698412698,0.2698412698412698,0.7566137566137566
