,count,mean,std,min,25%,50%,75%,max
NELANDER_2008,10000.0,0.7902534391534392,0.012468782379841696,0.7407407407407407,0.7883597883597884,0.7883597883597884,0.7936507936507936,0.8253968253968254
